Team,Pitcher,Role,PA_RISP,H_RISP,BB_RISP,R_RISP,Pressure_Pitch
Boston Red Sox,Brayan Bello,Starter,115,31,13,14,0.484
Boston Red Sox,Jake Bennett,Starter,95,24,10,11,0.456
Boston Red Sox,Raymond Burgos,Reliever,52,12,5,5,0.402
Boston Red Sox,Aroldis Chapman,Reliever,58,10,8,4,0.362
Boston Red Sox,Alec Gamboa,Reliever,42,9,3,3,0.329
Boston Red Sox,Sonny Gray,Starter,120,27,11,13,0.412
Boston Red Sox,Tyron Guerrero,Reliever,40,9,4,4,0.408
Boston Red Sox,Erik Miller,Reliever,45,10,5,4,0.4
Boston Red Sox,Jovani Morán,Reliever,48,11,6,5,0.442
Boston Red Sox,Patrick Sandoval,Starter,100,25,12,12,0.475
Boston Red Sox,Ranger Suárez,Starter,125,28,10,13,0.393
Boston Red Sox,Payton Tolle,Starter,85,21,9,10,0.455
Boston Red Sox,Greg Weissert,Reliever,46,10,5,4,0.391
Boston Red Sox,Garrett Whitlock,Reliever,50,11,4,5,0.384
New York Yankees,David Bednar,Reliever,65,10,5,5,0.3
New York Yankees,Paul Blackburn,Starter,92,23,9,11,0.452
New York Yankees,Gerrit Cole,Starter,135,26,11,13,0.361
New York Yankees,Max Fried,Starter,128,28,10,14,0.395
New York Yankees,Michael Fulmer,Reliever,48,11,5,5,0.421
New York Yankees,Luis Gil,Starter,110,29,14,15,0.516
New York Yankees,Bradley Hanner,Reliever,38,9,4,4,0.429
New York Yankees,Brent Headrick,Reliever,60,14,6,7,0.438
New York Yankees,Tim Hill,Reliever,55,13,5,6,0.42
New York Yankees,Carlos Rodón,Starter,122,31,16,17,0.518
New York Yankees,Cam Schlittler,Starter,85,22,10,11,0.493
New York Yankees,John Schreiber,Reliever,52,11,5,5,0.388
New York Yankees,Will Warren,Starter,98,27,12,13,0.514
